tag	n	accuracy	macro_f1	Entailment_R	Contradiction_R	Neutral_R	neutral_fail_count
zero_shot	30	0.5666666666666667	0.5585507246376812	0.5333333333333333	0.3333333333333333	1.0	13
few_shot_cot	30	0.6333333333333333	0.6438923395445135	0.5333333333333333	0.5555555555555556	1.0	11
